INSERT INTO TBL_LANGUAGE VALUES('espanol',0);
INSERT INTO TBL_LANGUAGE VALUES('ingles',0);
INSERT INTO TBL_USER VALUES('robert');
INSERT INTO TBL_USER VALUES('julio');
INSERT INTO TBL_USER VALUES('dennis');
INSERT INTO TBL_USER VALUES('alvaro');
--INJECT ROBERT
INSERT INTO TBL_WORD VALUES('impresora',0);
INSERT INTO TBL_TRANSLATED_WORD VALUES('robert','ingles','impresora','2020-02-17','printer',0);
INSERT INTO TBL_WORD VALUES('carro',0);
INSERT INTO TBL_TRANSLATED_WORD VALUES('robert','ingles','carro','2020-02-17','car',0);
INSERT INTO TBL_WORD VALUES('hola',0);
INSERT INTO TBL_TRANSLATED_WORD VALUES('robert','ingles','hola','2020-02-17','hello',0);
INSERT INTO TBL_WORD VALUES('como',0);
INSERT INTO TBL_TRANSLATED_WORD VALUES('robert','ingles','como','2020-02-17','how',0);
INSERT INTO TBL_WORD VALUES('tu',0);
INSERT INTO TBL_TRANSLATED_WORD VALUES('robert','ingles','tu','2020-02-17','you',0);
--INJECT JULIO
INSERT INTO TBL_WORD VALUES('azul',0);
INSERT INTO TBL_TRANSLATED_WORD VALUES('julio','ingles','azul','2020-01-25','blue',0);
INSERT INTO TBL_WORD VALUES('rojo',0);
INSERT INTO TBL_TRANSLATED_WORD VALUES('julio','ingles','rojo','2020-01-25','red',0);
INSERT INTO TBL_WORD VALUES('grande',0);
INSERT INTO TBL_TRANSLATED_WORD VALUES('julio','ingles','grande','2020-01-25','big',0);
INSERT INTO TBL_WORD VALUES('camisa',0);
INSERT INTO TBL_TRANSLATED_WORD VALUES('julio','ingles','camisa','2020-01-25','shirt',0);
INSERT INTO TBL_WORD VALUES('mesa',0);
INSERT INTO TBL_TRANSLATED_WORD VALUES('julio','ingles','mesa','2020-01-25','table',0);
--INJECT DENNIS
INSERT INTO TBL_WORD VALUES('ayuda',0);
INSERT INTO TBL_TRANSLATED_WORD VALUES('dennis','ingles','ayuda','2020-02-12','help',0);
INSERT INTO TBL_WORD VALUES('zapato',0);
INSERT INTO TBL_TRANSLATED_WORD VALUES('dennis','ingles','zapato','2020-02-12','shoe',0);
INSERT INTO TBL_WORD VALUES('guitarra',0);
INSERT INTO TBL_TRANSLATED_WORD VALUES('dennis','ingles','guitarra','2020-02-12','guitar',0);
INSERT INTO TBL_WORD VALUES('teclado',0);
INSERT INTO TBL_TRANSLATED_WORD VALUES('dennis','ingles','teclado','2020-02-12','keyboard',0);
INSERT INTO TBL_WORD VALUES('television',0);
INSERT INTO TBL_TRANSLATED_WORD VALUES('dennis','ingles','television','2020-02-12','televition',0);